"","Author","Packages","n"
"1","alyssafrazee","shiny",1
"2","amunategui","caret",7
"3","amunategui","DMwR",1
"4","amunategui","fscaret",1
"5","amunategui","ggplot2",1
"6","amunategui","Imap",1
"7","amunategui","Matrix",1
"8","amunategui","Metrics",1
"9","amunategui","nnet",1
"10","amunategui","pROC",3
"11","amunategui","psych",1
"12","amunategui","quantmod",1
"13","amunategui","RCurl",3
"14","amunategui","RISmed",1
"15","amunategui","stringdist",1
"16","amunategui","xgboost",1
"17","amunategui","xts",1
"18","amunategui","zipcode",1
"19","bcaffo","AnalyzeFMRI",2
"20","bcaffo","fmri",1
"21","bcaffo","graphics",1
"22","bcaffo","jpeg",1
"23","bcaffo","keras",1
"24","bcaffo","lme4",1
"25","bcaffo","misc3d",1
"26","bcaffo","mvtnorm",2
"27","bcaffo","randomForest",1
"28","bcaffo","rgl",3
"29","bcaffo","rsfmriGraph",1
"30","bcaffo","scatterplot3d",1
"31","bcaffo","shiny",3
"32","bcaffo","shinyIncubator",1
"33","bcaffo","splines",1
"34","bcaffo","stats",1
"35","bcaffo","tidyverse",1
"36","benmarwick","""qgraph""",1
"37","benmarwick","broom",1
"38","benmarwick","dplyr",5
"39","benmarwick","DT",1
"40","benmarwick","FSA",1
"41","benmarwick","ggforce",2
"42","benmarwick","ggplot2",4
"43","benmarwick","ggpmisc",1
"44","benmarwick","ggrepel",1
"45","benmarwick","jsonlite",1
"46","benmarwick","numOSL",1
"47","benmarwick","plotly",2
"48","benmarwick","plyr",1
"49","benmarwick","PMCMR",1
"50","benmarwick","purrr",2
"51","benmarwick","readr",2
"52","benmarwick","readxl",2
"53","benmarwick","rgeos",1
"54","benmarwick","scales",3
"55","benmarwick","shiny",1
"56","benmarwick","slam",1
"57","benmarwick","sp",1
"58","benmarwick","stringi",1
"59","benmarwick","stringr",1
"60","benmarwick","tidyr",2
"61","benmarwick","tidytext",1
"62","benmarwick","tidyverse",2
"63","benmarwick","tm",1
"64","benmarwick","viridis",2
"65","benmarwick","wesanderson",1
"66","benmarwick","wordcloud",1
"67","briatte","""ggplot2""",1
"68","briatte","ggplot2",2
"69","briatte","reshape",1
"70","cboettig","""analogsea""",1
"71","cboettig","data.table",1
"72","cboettig","ggplot2",1
"73","cboettig","gsubfn",1
"74","cboettig","knitcitations",1
"75","cboettig","plyr",1
"76","cboettig","RCurl",1
"77","cboettig","reshape2",1
"78","cboettig","rfisheries",1
"79","cboettig","RJSONIO",1
"80","cboettig","ROAuth",1
"81","cboettig","twitteR",1
"82","christophergandrud","Amelia",1
"83","christophergandrud","arm",1
"84","christophergandrud","corrplot",1
"85","christophergandrud","countrycode",6
"86","christophergandrud","DataCombine",6
"87","christophergandrud","devtools",3
"88","christophergandrud","dplyr",7
"89","christophergandrud","forecast",1
"90","christophergandrud","foreign",2
"91","christophergandrud","fredr) # if not installed use devtools::install_github('christophergandrud/fredr'",1
"92","christophergandrud","ggplot2",7
"93","christophergandrud","ggRandomForests",1
"94","christophergandrud","googleVis",1
"95","christophergandrud","gridExtra",4
"96","christophergandrud","imfr",1
"97","christophergandrud","lubridate",3
"98","christophergandrud","magrittr",1
"99","christophergandrud","parallel",1
"100","christophergandrud","plm",1
"101","christophergandrud","psData",4
"102","christophergandrud","R.cache",1
"103","christophergandrud","randomForestSRC",1
"104","christophergandrud","repmis",4
"105","christophergandrud","rio",5
"106","christophergandrud","rio); library(repmis",1
"107","christophergandrud","rstan",1
"108","christophergandrud","simGLM",1
"109","christophergandrud","simpleSetup",2
"110","christophergandrud","slidify",1
"111","christophergandrud","stargazer",1
"112","christophergandrud","stringr",3
"113","christophergandrud","texreg",1
"114","christophergandrud","tidyr",5
"115","christophergandrud","tidyverse",1
"116","christophergandrud","WDI",4
"117","christophergandrud","xtable",5
"118","christophergandrud","Zelig",1
"119","christophergandrud","zoo",1
"120","cpsievert","""coda""",1
"121","cpsievert","""dplyr""",1
"122","cpsievert","""rvest""",1
"123","cpsievert","""xtable""",1
"124","cpsievert","arm",1
"125","cpsievert","coda",1
"126","cpsievert","crosstalk",1
"127","cpsievert","dplyr",1
"128","cpsievert","gdata",1
"129","cpsievert","htmltools",1
"130","cpsievert","lubridate",1
"131","cpsievert","plotly",2
"132","cpsievert","plyr",2
"133","cpsievert","rCharts",1
"134","cpsievert","RCurl",1
"135","cpsievert","readr",1
"136","cpsievert","readxl",1
"137","cpsievert","reshape",1
"138","cpsievert","reshape2",1
"139","cpsievert","RSelenium",1
"140","cpsievert","rstan",1
"141","cpsievert","shiny",2
"142","cpsievert","stringr",2
"143","cpsievert","testthat",1
"144","cpsievert","tidyr",1
"145","cpsievert","tourr",1
"146","cpsievert","uselections",1
"147","cpsievert","XML",2
"148","crazyhottommy","dplyr",1
"149","crazyhottommy","shiny",1
"150","crazyhottommy","spp",1
"151","cwickham","dplyr",3
"152","cwickham","ggplot2",2
"153","cwickham","ggvis",1
"154","cwickham","here",1
"155","cwickham","lubridate",1
"156","cwickham","neiss",1
"157","cwickham","plyr",1
"158","cwickham","purrr",2
"159","cwickham","readr",1
"160","cwickham","repurrrsive",1
"161","cwickham","rwars",1
"162","cwickham","shinythemes",1
"163","cwickham","stringr",1
"164","cwickham","tibble",1
"165","cwickham","tidyverse",1
"166","daattali","aws.s3",1
"167","daattali","car",1
"168","daattali","cluster",1
"169","daattali","CMA",1
"170","daattali","data.table",1
"171","daattali","DBI",1
"172","daattali","DESeq",1
"173","daattali","digest",1
"174","daattali","dplyr",1
"175","daattali","e1071",1
"176","daattali","edgeR",1
"177","daattali","GEOquery",1
"178","daattali","ggplot2",2
"179","daattali","glmnet",1
"180","daattali","googlesheets",1
"181","daattali","gplots",1
"182","daattali","IlluminaHumanMethylation450k.db",1
"183","daattali","jsonlite",1
"184","daattali","lattice",1
"185","daattali","limma",1
"186","daattali","magrittr",2
"187","daattali","MASS",1
"188","daattali","mongolite",1
"189","daattali","plotly",1
"190","daattali","plyr",1
"191","daattali","pvclust",1
"192","daattali","RColorBrewer",1
"193","daattali","rdrop2",1
"194","daattali","reshape",1
"195","daattali","reshape2",1
"196","daattali","RMySQL",1
"197","daattali","ROCR",1
"198","daattali","RSQLite",1
"199","daattali","rvest",2
"200","daattali","shiny",3
"201","daattali","shinyjs",1
"202","daattali","wateRmelon",1
"203","daattali","xtable",1
"204","dgrtwo","colorRamps",1
"205","dgrtwo","cranlogs",1
"206","dgrtwo","data.table",1
"207","dgrtwo","DESeq",1
"208","dgrtwo","dplyr",6
"209","dgrtwo","edgeR",1
"210","dgrtwo","eigenR2",1
"211","dgrtwo","ggplot2",4
"212","dgrtwo","ggvis",2
"213","dgrtwo","GO.db",1
"214","dgrtwo","gplots",1
"215","dgrtwo","grid",1
"216","dgrtwo","gridExtra",1
"217","dgrtwo","GSEABase",1
"218","dgrtwo","httr",1
"219","dgrtwo","jsonlite",1
"220","dgrtwo","knitr",1
"221","dgrtwo","lubridate",3
"222","dgrtwo","methods",1
"223","dgrtwo","networkD3",1
"224","dgrtwo","org.Sc.sgd.db",1
"225","dgrtwo","plyr",2
"226","dgrtwo","qvalue",1
"227","dgrtwo","readr",2
"228","dgrtwo","reshape",1
"229","dgrtwo","reshape2",2
"230","dgrtwo","rjson",1
"231","dgrtwo","scales",2
"232","dgrtwo","shiny",5
"233","dgrtwo","sqlstackr",1
"234","dgrtwo","stringr",3
"235","dgrtwo","tidyr",1
"236","dgrtwo","urltools",1
"237","dgrtwo","xtable",1
"238","dgrtwo","yaml",1
"239","dgrtwo","zoo",1
"240","diegovalle","'ascii'",1
"241","diegovalle","'foreign'",3
"242","diegovalle","'ggplot2'",3
"243","diegovalle","'gtools'",1
"244","diegovalle","'plyr'",2
"245","diegovalle","'ProjectTemplate'",2
"246","diegovalle","'reshape'",2
"247","diegovalle","'stringr'",3
"248","diegovalle","'testthat'",4
"249","diegovalle","'tseries'",1
"250","diegovalle","'yaml'",3
"251","diegovalle","""AnomalyDetection""",1
"252","diegovalle","""biglm""",1
"253","diegovalle","""bigvis""",1
"254","diegovalle","""data.table""",1
"255","diegovalle","""downloader""",1
"256","diegovalle","""dplyr""",3
"257","diegovalle","""ff""",1
"258","diegovalle","""gdata""",1
"259","diegovalle","""ggmap""",1
"260","diegovalle","""ggplot2""",3
"261","diegovalle","""ggtern""",1
"262","diegovalle","""gridExtra""",1
"263","diegovalle","""httr""",1
"264","diegovalle","""igraph""",1
"265","diegovalle","""jsonlite""",2
"266","diegovalle","""knitr""",1
"267","diegovalle","""lubridate""",1
"268","diegovalle","""magrittr""",2
"269","diegovalle","""maptools""",1
"270","diegovalle","""raster""",2
"271","diegovalle","""RCurl""",1
"272","diegovalle","""readr""",1
"273","diegovalle","""reshape""",1
"274","diegovalle","""rgdal""",3
"275","diegovalle","""rgeos""",3
"276","diegovalle","""RSQLite""",1
"277","diegovalle","""rvest""",1
"278","diegovalle","""scales""",2
"279","diegovalle","""stringdist""",1
"280","diegovalle","""stringr""",3
"281","diegovalle","""tidyr""",2
"282","diegovalle","""visreg""",1
"283","diegovalle","""XML""",1
"284","diegovalle","""zoo""",1
"285","diegovalle","AER",1
"286","diegovalle","akima",1
"287","diegovalle","Amelia",1
"288","diegovalle","arm",4
"289","diegovalle","ascii",1
"290","diegovalle","bcp",1
"291","diegovalle","bfast",1
"292","diegovalle","bigvis",1
"293","diegovalle","Cairo",6
"294","diegovalle","car",6
"295","diegovalle","caret",3
"296","diegovalle","classInt",2
"297","diegovalle","compiler",3
"298","diegovalle","data.table",4
"299","diegovalle","devtools",1
"300","diegovalle","directlabels",8
"301","diegovalle","DirichletReg",1
"302","diegovalle","dispmod",1
"303","diegovalle","doBy",1
"304","diegovalle","doMC",3
"305","diegovalle","dplyr",1
"306","diegovalle","Epi",1
"307","diegovalle","fields",2
"308","diegovalle","forecast",1
"309","diegovalle","foreign",4
"310","diegovalle","gdata",3
"311","diegovalle","geosphere",3
"312","diegovalle","ggmap",2
"313","diegovalle","ggplot2",14
"314","diegovalle","glmnet",1
"315","diegovalle","grDevices",1
"316","diegovalle","gridExtra",3
"317","diegovalle","gtools",1
"318","diegovalle","Hmisc",5
"319","diegovalle","ineq",1
"320","diegovalle","jsonlite",2
"321","diegovalle","kernlab",1
"322","diegovalle","knitr",1
"323","diegovalle","lmtest",1
"324","diegovalle","lubridate",9
"325","diegovalle","magrittr",1
"326","diegovalle","mapdata",1
"327","diegovalle","mapproj",1
"328","diegovalle","maps",1
"329","diegovalle","maptools",6
"330","diegovalle","MASS",3
"331","diegovalle","Matrix",1
"332","diegovalle","MCMCpack",1
"333","diegovalle","memoise",1
"334","diegovalle","mgcv",1
"335","diegovalle","mi",1
"336","diegovalle","multicore",1
"337","diegovalle","mxmortalitydb",1
"338","diegovalle","nlme",2
"339","diegovalle","party",1
"340","diegovalle","plyr",11
"341","diegovalle","pscl",2
"342","diegovalle","quantmod",1
"343","diegovalle","randomForest",2
"344","diegovalle","raster",1
"345","diegovalle","rbenchmark",2
"346","diegovalle","rCharts",2
"347","diegovalle","RColorBrewer",4
"348","diegovalle","RCurl",1
"349","diegovalle","readxl",1
"350","diegovalle","reshape",8
"351","diegovalle","reshape2",3
"352","diegovalle","rgdal",6
"353","diegovalle","rgeos",1
"354","diegovalle","RSQLite",1
"355","diegovalle","sandwich",1
"356","diegovalle","scales",8
"357","diegovalle","shape",2
"358","diegovalle","spatstat",1
"359","diegovalle","splines",1
"360","diegovalle","stringr",16
"361","diegovalle","strucchange",2
"362","diegovalle","survey",1
"363","diegovalle","testthat",6
"364","diegovalle","tidyr",1
"365","diegovalle","tools",1
"366","diegovalle","tseries",2
"367","diegovalle","utils",1
"368","diegovalle","VIM",3
"369","diegovalle","xtable",5
"370","diegovalle","xts",1
"371","diegovalle","zoo",5
"372","duncantl","""RSQLite""",1
"373","duncantl","""RSQLiteUDF""",1
"374","duncantl","codetools",1
"375","duncantl","compiler",1
"376","duncantl","FastCSVSample",1
"377","duncantl","RCurl",2
"378","duncantl","Rffi",1
"379","duncantl","RJSONIO",1
"380","duncantl","Rllvm",2
"381","duncantl","RLLVMCompile",1
"382","duncantl","ROAuth",1
"383","duncantl","XML",1
"384","EasyD","caret",1
"385","EasyD","doSNOW",1
"386","EasyD","dplyr",1
"387","EasyD","edeaR",1
"388","EasyD","ggplot2",2
"389","EasyD","infotheo",1
"390","EasyD","lubridate",1
"391","EasyD","randomForest",1
"392","EasyD","rpart",1
"393","EasyD","rpart.plot",1
"394","EasyD","Rtsne",1
"395","EasyD","stringr",1
"396","edzer","animation",1
"397","edzer","maptools",1
"398","edzer","plumber",1
"399","edzer","sf",1
"400","edzer","units",1
"401","garrettgman","datasets",1
"402","garrettgman","dplyr",1
"403","garrettgman","ggplot2",3
"404","garrettgman","lubridate",1
"405","garrettgman","shiny",2
"406","gastonstat","DiscriMiner",1
"407","gastonstat","FactoMineR",1
"408","gastonstat","ggmap",1
"409","gastonstat","ggplot2",3
"410","gastonstat","igraph",1
"411","gastonstat","mapproj",1
"412","gastonstat","maps",1
"413","gastonstat","maptools",1
"414","gastonstat","MASS",1
"415","gastonstat","plyr",1
"416","gastonstat","reshape",2
"417","gastonstat","RgoogleMaps",1
"418","gastonstat","shiny",1
"419","gastonstat","stringr",1
"420","gastonstat","tm",1
"421","gastonstat","XML",1
"422","GuangchuangYu","ChIPseeker",1
"423","GuangchuangYu","clusterProfiler",1
"424","GuangchuangYu","DOSE",1
"425","GuangchuangYu","ggtree",1
"426","GuangchuangYu","GO.db",1
"427","GuangchuangYu","GOSemSim",1
"428","GuangchuangYu","MeSH.PCR.db",1
"429","GuangchuangYu","miniCRAN",1
"430","GuangchuangYu","ReactomePA",1
"431","GuangchuangYu","testthat",1
"432","GuangchuangYu","treeio",1
"433","GuangchuangYu","TxDb.Hsapiens.UCSC.hg19.knownGene",1
"434","hadley","ggbeeswarm",1
"435","hadley","ggrepel",1
"436","hadley","gh) # devtools::install_github(""gaborcsardi/gh""",1
"437","hadley","glue",1
"438","hadley","gmailr",1
"439","hadley","googlesheets",1
"440","hadley","httr",1
"441","hadley","lubridate",1
"442","hadley","purrr",1
"443","hadley","tidyverse",1
"444","harryprince","""plotrix""",1
"445","harryprince","ggplot2",1
"446","harryprince","httr",1
"447","harryprince","jpeg",1
"448","harryprince","jsonlite",1
"449","harryprince","plotrix",1
"450","harryprince","RCurl",1
"451","harryprince","shiny",1
"452","harryprince","shinydashboard",1
"453","harryprince","XML",1
"454","hetong007","mxnet",1
"455","hetong007","readr",1
"456","hetong007","xgboost",1
"457","hilaryparker","""hgu133aprobe""",1
"458","hilaryparker","""ProjectTemplate""",1
"459","hilaryparker","affy",2
"460","hilaryparker","chron",1
"461","hilaryparker","frma",1
"462","hilaryparker","gcrma",1
"463","hilaryparker","genefilter",1
"464","hilaryparker","GEOquery",1
"465","hilaryparker","knitr",1
"466","hilaryparker","lars",1
"467","hilaryparker","minn05",1
"468","hilaryparker","oligo",1
"469","hilaryparker","pamr",1
"470","hilaryparker","preprocessCore",1
"471","hilaryparker","ProjectTemplate",1
"472","hilaryparker","tspair",1
"473","hilaryparker","wang05",1
"474","hilaryparker","xtable",1
"475","Ironholds","dygraphs",1
"476","Ironholds","httr",1
"477","Ironholds","markdown",2
"478","Ironholds","ores",1
"479","Ironholds","plumber",1
"480","Ironholds","plumber) #devtools::install_github(""trestletech/plumber""",1
"481","Ironholds","R.utils",1
"482","Ironholds","RColorBrewer",1
"483","Ironholds","reshape2",1
"484","Ironholds","shiny",2
"485","Ironholds","shinydashboard",1
"486","Ironholds","xts",1
"487","jalapic","car",1
"488","jalapic","cluster",1
"489","jalapic","ggplot2",1
"490","jalapic","glmmADMB",1
"491","jalapic","lattice",1
"492","jalapic","lme4",1
"493","jalapic","lmerTest",1
"494","jalapic","MASS",1
"495","jalapic","pvclust",1
"496","jalapic","rcompanion",1
"497","jalapic","reshape2",1
"498","jalapic","vegan",1
"499","jalapic","viridis",1
"500","jbkunst","""dplyr""",1
"501","jbkunst","""ggplot2""",1
"502","jbkunst","""grid""",1
"503","jbkunst","""httr""",1
"504","jbkunst","""mvtnorm""",1
"505","jbkunst","""network""",1
"506","jbkunst","""networkD3""",1
"507","jbkunst","""partykit""",1
"508","jbkunst","""plyr""",1
"509","jbkunst","""reshape2""",1
"510","jbkunst","""rio""",1
"511","jbkunst","""RSQLite""",1
"512","jbkunst","""rvest""",1
"513","jbkunst","""RWeka""",1
"514","jbkunst","""stringr""",1
"515","jbkunst","""visNetwork""",1
"516","jbkunst","""xml2""",1
"517","jbkunst","broom",1
"518","jbkunst","countrycode",1
"519","jbkunst","data.table",1
"520","jbkunst","devtools",1
"521","jbkunst","dplyr",3
"522","jbkunst","ggmap",2
"523","jbkunst","ggplot2",1
"524","jbkunst","gsheet",1
"525","jbkunst","highcharter",2
"526","jbkunst","hrbrthemes",1
"527","jbkunst","httr",1
"528","jbkunst","idbr",1
"529","jbkunst","janitor",3
"530","jbkunst","jbkmisc",1
"531","jbkunst","jsonlite",3
"532","jbkunst","lubridate",2
"533","jbkunst","magrittr",1
"534","jbkunst","ompr",1
"535","jbkunst","ompr.roi",1
"536","jbkunst","partykit",1
"537","jbkunst","pluralize",1
"538","jbkunst","plyr",1
"539","jbkunst","purrr",1
"540","jbkunst","rchess",1
"541","jbkunst","readxl",1
"542","jbkunst","rio",1
"543","jbkunst","ROI.plugin.glpk",1
"544","jbkunst","rpart",1
"545","jbkunst","rusps",1
"546","jbkunst","rvest",3
"547","jbkunst","RWeka",1
"548","jbkunst","scales",2
"549","jbkunst","shiny",3
"550","jbkunst","shinydashboard",2
"551","jbkunst","shinyjs",1
"552","jbkunst","shinythemes",2
"553","jbkunst","stringi",1
"554","jbkunst","stringr",7
"555","jbkunst","subprocess",1
"556","jbkunst","tidytext",1
"557","jbkunst","tidyverse",6
"558","jbkunst","viridis",1
"559","jbkunst","XML",1
"560","jcheng5","bit",1
"561","jcheng5","BSDA",1
"562","jcheng5","bubbles",1
"563","jcheng5","cranlogs",1
"564","jcheng5","d3heatmap",1
"565","jcheng5","digest",1
"566","jcheng5","dplyr",5
"567","jcheng5","dplyr, warn.conflicts=FALSE",2
"568","jcheng5","DT",1
"569","jcheng5","dygraphs",1
"570","jcheng5","epiwidgets",1
"571","jcheng5","gapminder",1
"572","jcheng5","ggplot2",6
"573","jcheng5","gplots",1
"574","jcheng5","jsonlite",1
"575","jcheng5","leaflet",3
"576","jcheng5","leaflet)  # for interactive maps (NOT leafletR here",1
"577","jcheng5","lubridate",1
"578","jcheng5","magrittr",1
"579","jcheng5","methods",1
"580","jcheng5","networkD3",1
"581","jcheng5","parcoords",1
"582","jcheng5","reshape2",2
"583","jcheng5","RSQLite",1
"584","jcheng5","shiny",5
"585","jcheng5","shinydashboard",2
"586","jcheng5","shinySignals",1
"587","jcheng5","sp",1
"588","jcheng5","streamgraph",1
"589","jcheng5","stringi",1
"590","jcheng5","stringr",1
"591","jcheng5","threejs",1
"592","jcheng5","tools",1
"593","jcheng5","xts",1
"594","jennybc","BRRR",1
"595","jennybc","dplyr",1
"596","jennybc","forcats",1
"597","jennybc","fs",4
"598","jennybc","gapminder",1
"599","jennybc","ggplot2",1
"600","jennybc","ggraph",1
"601","jennybc","glue",1
"602","jennybc","gmailr",1
"603","jennybc","grid",1
"604","jennybc","grid) # arrow(",1
"605","jennybc","grid) # unit(",1
"606","jennybc","grid) #unit(",1
"607","jennybc","gridExtra",1
"608","jennybc","gridExtra) #arrangeGrob(",1
"609","jennybc","here",2
"610","jennybc","hrbrthemes",1
"611","jennybc","igraph",2
"612","jennybc","magrittr",1
"613","jennybc","markdown) #includeMarkdown(",1
"614","jennybc","methods",1
"615","jennybc","plyr",1
"616","jennybc","plyr) # revalue(",1
"617","jennybc","plyr) #ldply(",1
"618","jennybc","plyr) #llply(",1
"619","jennybc","plyr) #rename(",1
"620","jennybc","purrr",3
"621","jennybc","readr",3
"622","jennybc","repurrrsive",1
"623","jennybc","reshape2",1
"624","jennybc","reshape2) # colsplit(",1
"625","jennybc","reshape2) # melt(",1
"626","jennybc","reshape2) #melt(",1
"627","jennybc","scales",2
"628","jennybc","scales) # log2_trans(), trans_breaks(",1
"629","jennybc","scales) # scale_x_date(",1
"630","jennybc","scales) #date_format(",1
"631","jennybc","scales) #scale_x_date(",1
"632","jennybc","shiny",1
"633","jennybc","shinyAce",1
"634","jennybc","shinyAce) #updateAceEditor(",1
"635","jennybc","stringr",3
"636","jennybc","testthat",1
"637","jennybc","tidyverse",8
"638","jennybc","xkcd",1
"639","jeroen","""RAppArmor""",1
"640","jimhester","Gviz",1
"641","jimhester","Homo.sapiens",1
"642","jimhester","shiny",1
"643","jmcphers","ABCExtremes",1
"644","jmcphers","fossil",1
"645","jmcphers","ggplot2",2
"646","jmcphers","maps",1
"647","jmcphers","survival",1
"648","jmcphers","TTR",1
"649","jmzeng1314","ape",1
"650","jmzeng1314","Biobase",1
"651","jmzeng1314","cgdsr",1
"652","jmzeng1314","dplyr",1
"653","jmzeng1314","DT",2
"654","jmzeng1314","GGally",2
"655","jmzeng1314","ggplot2",2
"656","jmzeng1314","knitr",2
"657","jmzeng1314","RCurl",2
"658","jmzeng1314","rmarkdown",1
"659","jmzeng1314","RMySQL",3
"660","jmzeng1314","RSQLite",1
"661","jmzeng1314","shiny",5
"662","jmzeng1314","shinyAce",1
"663","jmzeng1314","shinyBS",2
"664","jmzeng1314","shinydashboard",3
"665","jmzeng1314","shinyjs",2
"666","jmzeng1314","tidyr",1
"667","jmzeng1314","WGCNA",1
"668","karthik","cranlogs",1
"669","karthik","data.table",2
"670","karthik","datasets",1
"671","karthik","dplyr",2
"672","karthik","drake",1
"673","karthik","dygraphs",1
"674","karthik","ecoengine",1
"675","karthik","extrafont",1
"676","karthik","ggplot2",4
"677","karthik","ggrepel",1
"678","karthik","gridExtra",1
"679","karthik","httr",1
"680","karthik","jsonlite",1
"681","karthik","knitr",1
"682","karthik","lubridate",3
"683","karthik","magick",1
"684","karthik","maps",1
"685","karthik","MASS",1
"686","karthik","multicore",1
"687","karthik","pander",1
"688","karthik","plyr",3
"689","karthik","readr",1
"690","karthik","readxl",1
"691","karthik","riem",1
"692","karthik","shiny",1
"693","karthik","stringr",3
"694","karthik","tesseract",1
"695","karthik","tidyverse",1
"696","karthik","varDev2",1
"697","karthik","xkcd",1
"698","kateto","""png""",1
"699","kateto","animation",1
"700","kateto","extrafont",1
"701","kateto","geosphere",1
"702","kateto","igraph",1
"703","kateto","maps",1
"704","kateto","ndtv",1
"705","kateto","network",1
"706","kateto","RColorBrewer",1
"707","kbenoit","shiny",1
"708","kbroman","B6BTBR07a",1
"709","kbroman","babynames",1
"710","kbroman","broman",11
"711","kbroman","broman)   # install with install.packages(""broman""",1
"712","kbroman","DBI",1
"713","kbroman","dplyr",1
"714","kbroman","ggplot2",1
"715","kbroman","help=qtl",1
"716","kbroman","igraph",1
"717","kbroman","lineup",5
"718","kbroman","lubridate",5
"719","kbroman","miniCRAN",1
"720","kbroman","parallel",2
"721","kbroman","qtl",10
"722","kbroman","qtl)      # install with install.packages(""qtl""",1
"723","kbroman","qtl2",7
"724","kbroman","qtl2)     # install with install.packages(""qtl2"", repos=""https://rqtl.org/qtl2cran""",1
"725","kbroman","qtl2plot) # install with install.packages(""qtl2plot"", repos=""https://rqtl.org/qtl2cran""",1
"726","kbroman","qtlbook",1
"727","kbroman","qtlcharts",1
"728","kbroman","qtlDesign",1
"729","kbroman","qtlpvl",1
"730","kbroman","RColorBrewer",1
"731","kbroman","RJSONIO",2
"732","kbroman","scales",3
"733","kbroman","simcross",1
"734","kbroman","simcross) # install with devtools::install_github(""kbroman/simcross""",1
"735","kbroman","survival",1
"736","kbroman","tools",1
"737","kevinushey"," Biostrings ",1
"738","kevinushey"," RCurl ",1
"739","kevinushey","""ape""",1
"740","kevinushey","""Kmisc""",1
"741","kevinushey","data.table",1
"742","kevinushey","digest",1
"743","kevinushey","ggplot2",1
"744","kevinushey","gridExtra",1
"745","kevinushey","Kmisc",1
"746","kevinushey","nycflights13",1
"747","kevinushey","Rcpp",1
"748","kevinushey","reshape2",1
"749","kevinushey","xtable",1
"750","krlmlr","cooking",1
"751","krlmlr","dplyr",1
"752","krlmlr","drake",1
"753","ledell","h2oEnsemble",1
"754","leeper","""shiny""",2
"755","leeper","""shinyjs""",1
"756","leeper","""stargazer""",1
"757","maelle","'RSelenium'",1
"758","maelle","""animation""",5
"759","maelle","""circlize""",1
"760","maelle","""countrycode""",1
"761","maelle","""ctv""",1
"762","maelle","""dplyr""",15
"763","maelle","""emojifont""",1
"764","maelle","""forecast""",1
"765","maelle","""geoparser""",1
"766","maelle","""gganimate""",6
"767","maelle","""ggmap""",6
"768","maelle","""ggplot2""",13
"769","maelle","""ggrepel""",1
"770","maelle","""gh""",1
"771","maelle","""hrbrthemes""",1
"772","maelle","""janitor""",1
"773","maelle","""lazyeval""",1
"774","maelle","""lubridate""",7
"775","maelle","""magick""",2
"776","maelle","""magrittr""",3
"777","maelle","""monkeylearn""",3
"778","maelle","""OpenStreetMap""",1
"779","maelle","""purrr""",2
"780","maelle","""readr""",3
"781","maelle","""riem""",1
"782","maelle","""ropenaq""",4
"783","maelle","""Ropenaq""",1
"784","maelle","""RSelenium""",2
"785","maelle","""rtweet""",4
"786","maelle","""rvest""",2
"787","maelle","""rworldmap""",2
"788","maelle","""seleniumPipes""",1
"789","maelle","""stringdist""",1
"790","maelle","""stringr""",2
"791","maelle","""tibble""",1
"792","maelle","""tidyr""",9
"793","maelle","""tidyverse""",1
"794","maelle","""usaqmindia""",1
"795","maelle","""viridis""",6
"796","maelle","""xml2""",1
"797","maelle","dplyr",1
"798","MarkEdmondson1234","AnomalyDetection",1
"799","MarkEdmondson1234","bigQueryR",2
"800","MarkEdmondson1234","broom",1
"801","MarkEdmondson1234","CausalImpact",1
"802","MarkEdmondson1234","d3heatmap",2
"803","MarkEdmondson1234","dplyr",3
"804","MarkEdmondson1234","DT",3
"805","MarkEdmondson1234","dygraphs",2
"806","MarkEdmondson1234","forecast",1
"807","MarkEdmondson1234","gdeltr2",1
"808","MarkEdmondson1234","gentelellaShiny",2
"809","MarkEdmondson1234","ggplot2",4
"810","MarkEdmondson1234","googleAnalyticsR",3
"811","MarkEdmondson1234","googleAuthR",4
"812","MarkEdmondson1234","googleID",2
"813","MarkEdmondson1234","googleLanguageR",1
"814","MarkEdmondson1234","gtrendsR",1
"815","MarkEdmondson1234","highcharter",2
"816","MarkEdmondson1234","listviewer",2
"817","MarkEdmondson1234","lubridate",1
"818","MarkEdmondson1234","rga",1
"819","MarkEdmondson1234","RMySQL",1
"820","MarkEdmondson1234","rtweet",1
"821","MarkEdmondson1234","scales",1
"822","MarkEdmondson1234","shiny",8
"823","MarkEdmondson1234","shinydashboard",2
"824","MarkEdmondson1234","shinyjs",1
"825","MarkEdmondson1234","shinythemes",1
"826","MarkEdmondson1234","stringr",2
"827","MarkEdmondson1234","testthat",1
"828","MarkEdmondson1234","tidyr",1
"829","MarkEdmondson1234","tidytext",1
"830","MarkEdmondson1234","tidyverse",2
"831","MarkEdmondson1234","xts",1
"832","MarkEdmondson1234","zoo",1
"833","mikelove","""Biobase""",2
"834","mikelove","""BiocParallel""",1
"835","mikelove","""DESeq2""",2
"836","mikelove","""edgeR""",2
"837","mikelove","""limma""",2
"838","mikelove","""splines""",1
"839","mikelove","""SummarizedExperiment""",1
"840","mikelove","Biobase",1
"841","mikelove","BiocParallel",1
"842","mikelove","Biostrings",1
"843","mikelove","BSgenome.Hsapiens.UCSC.hg19",1
"844","mikelove","DESeq2",3
"845","mikelove","devtools",1
"846","mikelove","EnsDb.Hsapiens.v79",1
"847","mikelove","genefilter",1
"848","mikelove","GenomicFeatures",1
"849","mikelove","GenomicFileViews",1
"850","mikelove","GenomicRanges",2
"851","mikelove","ggplot2",1
"852","mikelove","iCOBRA",1
"853","mikelove","MASS",2
"854","mikelove","pasilla",1
"855","mikelove","rafalib",1
"856","mikelove","RColorBrewer",1
"857","mikelove","readr",1
"858","mikelove","Rsamtools",1
"859","mikelove","rtracklayer",1
"860","mikelove","shiny",2
"861","mikelove","splines",1
"862","mikelove","tximport",1
"863","minimaxir","digest",2
"864","minimaxir","dplyr",3
"865","minimaxir","extrafont",2
"866","minimaxir","ggplot2",4
"867","minimaxir","grid",3
"868","minimaxir","gridExtra",1
"869","minimaxir","gtable",1
"870","minimaxir","RColorBrewer",3
"871","minimaxir","readr",3
"872","minimaxir","scales",2
"873","minimaxir","stringr",2
"874","ncarchedi","assertthat",1
"875","ncarchedi","data.table",1
"876","ncarchedi","dplyr",1
"877","ncarchedi","ggplot2",1
"878","ncarchedi","lubridate",1
"879","ncarchedi","stringr",1
"880","ncarchedi","tidyr",1
"881","pablobarbera","car",1
"882","pablobarbera","coda",1
"883","pablobarbera","cshapes",1
"884","pablobarbera","devtools",3
"885","pablobarbera","dplyr",1
"886","pablobarbera","e1071",1
"887","pablobarbera","foreign",2
"888","pablobarbera","gdata",1
"889","pablobarbera","ggplot2",6
"890","pablobarbera","ggthemes",1
"891","pablobarbera","googleVis",1
"892","pablobarbera","grid",3
"893","pablobarbera","gridExtra",2
"894","pablobarbera","igraph",2
"895","pablobarbera","instaR",2
"896","pablobarbera","jpeg",1
"897","pablobarbera","KMsurv",1
"898","pablobarbera","maps",2
"899","pablobarbera","maptools",1
"900","pablobarbera","MASS",2
"901","pablobarbera","Matrix",1
"902","pablobarbera","muhaz",1
"903","pablobarbera","multicore",1
"904","pablobarbera","mvtnorm",1
"905","pablobarbera","NYU160J",1
"906","pablobarbera","parallel",1
"907","pablobarbera","pscl",1
"908","pablobarbera","reshape",2
"909","pablobarbera","reshape2",1
"910","pablobarbera","Rfacebook",3
"911","pablobarbera","rmongodb",1
"912","pablobarbera","RMySQL",3
"913","pablobarbera","ROAuth",4
"914","pablobarbera","rstan",3
"915","pablobarbera","scales",4
"916","pablobarbera","sp",1
"917","pablobarbera","streamR",3
"918","pablobarbera","stringr",1
"919","pablobarbera","survival",1
"920","pablobarbera","tm",1
"921","pablobarbera","tweetscores",1
"922","pablobarbera","twitteR",1
"923","pablobarbera","urca",1
"924","pablobarbera","wnominate",1
"925","pablobarbera","wordcloud",1
"926","pablobarbera","XML",5
"927","pablobarbera","XML); library(plyr",1
"928","rdpeng","datasets",2
"929","rdpeng","dplyr",1
"930","rdpeng","dplyr, warn.conflicts = FALSE",2
"931","rdpeng","ggplot2",1
"932","rdpeng","Homework1",1
"933","rdpeng","httr",1
"934","rdpeng","JeffLeekMeme",1
"935","rdpeng","jsonlite",1
"936","rdpeng","knitr",1
"937","rdpeng","manipulate",1
"938","rdpeng","maps",1
"939","rdpeng","MASS",1
"940","rdpeng","microbenchmark",1
"941","rdpeng","parallel",1
"942","rdpeng","readr",1
"943","rdpeng","shiny",2
"944","renkun-ken","babynames",1
"945","renkun-ken","data.table",1
"946","renkun-ken","parallel",1
"947","renkun-ken","pipeR",1
"948","renkun-ken","rlist",1
"949","renkun-ken","xts",1
"950","road2stat","'Biostrings'",1
"951","road2stat","'cMap2data'",1
"952","road2stat","'compiler')  # enable JIT for getsim(",1
"953","road2stat","'doMC'",1
"954","road2stat","'dplyr'",1
"955","road2stat","'dscr'",1
"956","road2stat","'foreach'",1
"957","road2stat","'ggplot2'",1
"958","road2stat","'GOSemSim'",1
"959","road2stat","'hdnom'",1
"960","road2stat","'igraph'",1
"961","road2stat","'knitr'",1
"962","road2stat","'liftr'",1
"963","road2stat","'markdown'",2
"964","road2stat","'parallel'",1
"965","road2stat","'proxy'",1
"966","road2stat","'randomForest'",1
"967","road2stat","'REmap'",1
"968","road2stat","'ROCR'",1
"969","road2stat","'shiny'",3
"970","road2stat","'shinyAce'",1
"971","road2stat","'xlsx'",1
"972","road2stat","""airway""",1
"973","road2stat","""AnnotationDbi""",1
"974","road2stat","""biomaRt""",1
"975","road2stat","""d3heatmap""",1
"976","road2stat","""DESeq2""",1
"977","road2stat","""DT""",1
"978","road2stat","""genefilter""",1
"979","road2stat","""GenomicRanges""",1
"980","road2stat","""ggplot2""",1
"981","road2stat","""ggrepel""",1
"982","road2stat","""ggsci""",1
"983","road2stat","""GO.db""",1
"984","road2stat","""GOstats""",1
"985","road2stat","""IRanges""",1
"986","road2stat","""jpeg""",1
"987","road2stat","""knitr""",1
"988","road2stat","""limma""",1
"989","road2stat","""markdown""",1
"990","road2stat","""NMF""",1
"991","road2stat","""org.Hs.eg.db""",1
"992","road2stat","""pheatmap""",1
"993","road2stat","""plyr""",1
"994","road2stat","""png""",1
"995","road2stat","""rARPACK""",1
"996","road2stat","""rmarkdown""",1
"997","road2stat","""S4Vectors""",1
"998","road2stat","""scales""",1
"999","road2stat","""shiny""",3
"1000","road2stat","""shinyAce""",1
"1001","road2stat","""shinyBS""",1
"1002","road2stat","""shinydashboard""",1
"1003","road2stat","""SummarizedExperiment""",1
"1004","road2stat","""threejs""",1
"1005","road2stat","""tidyr""",1
"1006","road2stat","""topGO""",1
"1007","Robinlovelace","animation",1
"1008","Robinlovelace","chron",1
"1009","Robinlovelace","classInt",1
"1010","Robinlovelace","data.table",1
"1011","Robinlovelace","devtools",1
"1012","Robinlovelace","downloader",1
"1013","Robinlovelace","dplyr",7
"1014","Robinlovelace","gdata",1
"1015","Robinlovelace","ggmap",2
"1016","Robinlovelace","ggplot2",4
"1017","Robinlovelace","GISTools",1
"1018","Robinlovelace","googlesheets",1
"1019","Robinlovelace","gridExtra",2
"1020","Robinlovelace","gstat",1
"1021","Robinlovelace","igraph",1
"1022","Robinlovelace","ineq",1
"1023","Robinlovelace","INLA",1
"1024","Robinlovelace","jsonlite",1
"1025","Robinlovelace","knitr",1
"1026","Robinlovelace","leaflet",8
"1027","Robinlovelace","lubridate",2
"1028","Robinlovelace","magrittr",1
"1029","Robinlovelace","maps",1
"1030","Robinlovelace","maptools",3
"1031","Robinlovelace","mapview",1
"1032","Robinlovelace","osmplotr",1
"1033","Robinlovelace","plyr",2
"1034","Robinlovelace","png",1
"1035","Robinlovelace","raster",3
"1036","Robinlovelace","rasterVis",1
"1037","Robinlovelace","RColorBrewer",4
"1038","Robinlovelace","readr",2
"1039","Robinlovelace","rgdal",4
"1040","Robinlovelace","rgdal) # load the package (this needs to have been installed",1
"1041","Robinlovelace","rJava",1
"1042","Robinlovelace","RODBC",1
"1043","Robinlovelace","scales",1
"1044","Robinlovelace","sf",5
"1045","Robinlovelace","shiny",7
"1046","Robinlovelace","shiny) ; library(shinydashboard) ; library(dplyr) ; library(rgdal) ; library(leaflet) ; library(RColorBrewer) ; library(ggvis) ; library(DT",1
"1047","Robinlovelace","sp",8
"1048","Robinlovelace","spatstat",2
"1049","Robinlovelace","stplanr",2
"1050","Robinlovelace","stringr",1
"1051","Robinlovelace","tidyr",3
"1052","Robinlovelace","tmap",7
"1053","Robinlovelace","ukboundaries",1
"1054","Robinlovelace","XLConnect",1
"1055","sckott","""alm""",1
"1056","sckott","""crul""",1
"1057","sckott","""curl""",2
"1058","sckott","""dplyr""",4
"1059","sckott","""httr""",1
"1060","sckott","""jsonlite""",1
"1061","sckott","""rcrossref""",1
"1062","sckott","""readxl""",2
"1063","sckott","""rplos""",1
"1064","sckott","""stringr""",1
"1065","sckott","""XML""",1
"1066","sckott","knitr, quietly = TRUE",1
"1067","sckott","mapdata, quietly = TRUE",1
"1068","sckott","maps, quietly = TRUE",1
"1069","sckott","plyr",1
"1070","sckott","plyr, quietly = TRUE",1
"1071","seandavi","""TCGAbiolinks""",1
"1072","seandavi","aws.ec2",1
"1073","seandavi","babynames",1
"1074","seandavi","caOmicsV",1
"1075","seandavi","circlize",1
"1076","seandavi","ComplexHeatmap",1
"1077","seandavi","dplyr",2
"1078","seandavi","DT",1
"1079","seandavi","edgeR",1
"1080","seandavi","GenomicRanges",1
"1081","seandavi","GEOquery",1
"1082","seandavi","ggplot2",2
"1083","seandavi","gtrellis",1
"1084","seandavi","markdown",1
"1085","seandavi","nycflights13",1
"1086","seandavi","RCircos",1
"1087","seandavi","RColorBrewer",1
"1088","seandavi","shiny",3
"1089","seandavi","ssh.utils",1
"1090","seandavi","synapseClient",1
"1091","seandavi","tidyr",1
"1092","seandavi","yaml",1
"1093","seankross","base64enc",1
"1094","seankross","dplyr",4
"1095","seankross","ggplot2",1
"1096","seankross","gh",1
"1097","seankross","googlesheets",1
"1098","seankross","jsonlite",1
"1099","seankross","leaflet",1
"1100","seankross","lubridate",1
"1101","seankross","magrittr",2
"1102","seankross","plotly",1
"1103","seankross","purrr",2
"1104","seankross","readr",1
"1105","seankross","shiny",6
"1106","seankross","shinydashboard",1
"1107","seankross","shinyjs",1
"1108","seankross","stringr",1
"1109","seankross","swirl",1
"1110","seankross","tibble",2
"1111","seankross","tidyr",1
"1112","stephenturner","DESeq2",1
"1113","stephenturner","dplyr",2
"1114","stephenturner","gplots",1
"1115","stephenturner","RColorBrewer",1
"1116","stephenturner","shiny",1
"1117","stephenturner","Tmisc",1
"1118","szilard","babynames",1
"1119","szilard","catboost",1
"1120","szilard","data.table",6
"1121","szilard","dplyr",4
"1122","szilard","gbm",2
"1123","szilard","ggplot2",4
"1124","szilard","glmnet",3
"1125","szilard","glmnetUtils",1
"1126","szilard","h2o",7
"1127","szilard","h2o4gpu",1
"1128","szilard","jsonlite",1
"1129","szilard","lightgbm",3
"1130","szilard","magrittr",2
"1131","szilard","Matrix",5
"1132","szilard","microbenchmark",1
"1133","szilard","mxnet",1
"1134","szilard","parallel",5
"1135","szilard","plumber",1
"1136","szilard","purrr",1
"1137","szilard","randomForest",1
"1138","szilard","ranger",1
"1139","szilard","rbenchmark",1
"1140","szilard","Rborist",1
"1141","szilard","readr",5
"1142","szilard","reshape2",1
"1143","szilard","RJDBC",1
"1144","szilard","RMySQL",1
"1145","szilard","ROCR",5
"1146","szilard","RODBC",1
"1147","szilard","RSQLite",1
"1148","szilard","rvest",1
"1149","szilard","shiny",1
"1150","szilard","shinyvalidinp",1
"1151","szilard","stringr",1
"1152","szilard","xgboost",5
"1153","terrytangyuan","ctv",1
"1154","terrytangyuan","XML",1
"1155","thomasp85","fiery",2
"1156","thomasp85","routr",2
"1157","tirthajyoti","caret",1
"1158","tirthajyoti","caret); library(kernlab); data(spam",1
"1159","tirthajyoti","caTools",3
"1160","tirthajyoti","ggplot2",3
"1161","tirthajyoti","neuralnet",1
"1162","tirthajyoti","readxl",1
"1163","tirthajyoti","rpart",1
"1164","tirthajyoti","rpart.plot",1
"1165","tirthajyoti","softmaxreg",1
"1166","toddwschneider","broom",1
"1167","toddwschneider","dplyr",6
"1168","toddwschneider","extrafont",3
"1169","toddwschneider","geosphere",1
"1170","toddwschneider","ggmap",2
"1171","toddwschneider","ggplot2",7
"1172","toddwschneider","grid",5
"1173","toddwschneider","gridExtra",1
"1174","toddwschneider","hexbin",1
"1175","toddwschneider","httr",1
"1176","toddwschneider","jsonlite",2
"1177","toddwschneider","lubridate",2
"1178","toddwschneider","maps",1
"1179","toddwschneider","maptools",2
"1180","toddwschneider","minpack.lm",1
"1181","toddwschneider","plyr",1
"1182","toddwschneider","readr",3
"1183","toddwschneider","reshape",1
"1184","toddwschneider","reshape2",3
"1185","toddwschneider","rgdal",2
"1186","toddwschneider","rpart",1
"1187","toddwschneider","rpart.plot",1
"1188","toddwschneider","RPostgreSQL",4
"1189","toddwschneider","scales",6
"1190","toddwschneider","shiny",2
"1191","toddwschneider","stringr",1
"1192","toddwschneider","survival",1
"1193","toddwschneider","tidyverse",2
"1194","toddwschneider","zoo",3
"1195","topepo","animation",1
"1196","topepo","AppliedPredictiveModeling",2
"1197","topepo","BiocInstaller",1
"1198","topepo","bookdown",1
"1199","topepo","C50",2
"1200","topepo","car",1
"1201","topepo","caret",9
"1202","topepo","caTools",1
"1203","topepo","class",1
"1204","topepo","Cubist",1
"1205","topepo","desirability",1
"1206","topepo","devtools",1
"1207","topepo","diffr",1
"1208","topepo","DMwR",1
"1209","topepo","doMC",1
"1210","topepo","doParallel",1
"1211","topepo","dplyr",2
"1212","topepo","e1071",1
"1213","topepo","earth",1
"1214","topepo","ellipse",1
"1215","topepo","fastICA",1
"1216","topepo","GA",1
"1217","topepo","ggmap",2
"1218","topepo","ggplot2",5
"1219","topepo","googleVis",1
"1220","topepo","Hmisc",1
"1221","topepo","inTrees",1
"1222","topepo","ipred",1
"1223","topepo","kernlab",1
"1224","topepo","klaR",1
"1225","topepo","knitr",1
"1226","topepo","latticeExtra",1
"1227","topepo","lubridate",2
"1228","topepo","MASS",1
"1229","topepo","mda",1
"1230","topepo","mlbench",1
"1231","topepo","odfWeave",1
"1232","topepo","parallel",1
"1233","topepo","party",1
"1234","topepo","partykit",2
"1235","topepo","pls",1
"1236","topepo","plyr",1
"1237","topepo","pROC",1
"1238","topepo","proxy",1
"1239","topepo","pso",1
"1240","topepo","randomForest",1
"1241","topepo","rBayesianOptimization",1
"1242","topepo","RCurl",1
"1243","topepo","recipes",2
"1244","topepo","ROSE",1
"1245","topepo","rpart",3
"1246","topepo","RWeka",1
"1247","topepo","sessioninfo",1
"1248","topepo","testthat",1
"1249","topepo","tools",1
"1250","topepo","xgboost",1
"1251","trestletech","analogsea",1
"1252","trestletech","colorspace",1
"1253","trestletech","dallasgeolocate",1
"1254","trestletech","digest",1
"1255","trestletech","dplyr",2
"1256","trestletech","ggplot2",1
"1257","trestletech","httr",5
"1258","trestletech","knitr",2
"1259","trestletech","leaflet",2
"1260","trestletech","lubridate",2
"1261","trestletech","plyr",1
"1262","trestletech","raster",1
"1263","trestletech","readr",1
"1264","trestletech","rgdal",1
"1265","trestletech","rgeos",1
"1266","trestletech","rgl",1
"1267","trestletech","RJSONIO",2
"1268","trestletech","shiny",6
"1269","trestletech","shinyAce",1
"1270","trestletech","ShinyDash",2
"1271","trestletech","sp",1
"1272","trestletech","sparklyr",1
"1273","trestletech","stringr",1
"1274","trestletech","tm",1
"1275","trestletech","XML",2
"1276","trevorstephens","party",1
"1277","trevorstephens","randomForest",1
"1278","trevorstephens","rattle",1
"1279","trevorstephens","RColorBrewer",1
"1280","trevorstephens","rpart",1
"1281","trevorstephens","rpart.plot",1
"1282","trinker","devtools",1
"1283","trinker","reports",1
"1284","trinker","staticdocs",1
"1285","trinker","teach",1
"1286","vopani","bit64",1
"1287","vopani","caret",1
"1288","vopani","data.table",9
"1289","vopani","dummies",2
"1290","vopani","fastmatch",1
"1291","vopani","h2o",1
"1292","vopani","Metrics",1
"1293","vopani","plyr",5
"1294","vopani","randomForest",1
"1295","vopani","xgboost",8
"1296","vopani","zoo",1
"1297","vsbuffalo","DESeq",1
"1298","vsbuffalo","GenomicFeatures",1
"1299","vsbuffalo","lattice",1
"1300","vsbuffalo","multicore",1
"1301","vsbuffalo","pasilla",1
"1302","vsbuffalo","purrr",1
"1303","vsbuffalo","RNASeqTools",1
"1304","vsbuffalo","testthat",1
"1305","wch","""methods"")# (not needed here",1
"1306","wch","""stats4""",1
"1307","wch","bit",1
"1308","wch","compiler",1
"1309","wch","devtools",1
"1310","wch","digest",1
"1311","wch","dplyr",3
"1312","wch","ggplot2",2
"1313","wch","ggrepel",1
"1314","wch","grid",1
"1315","wch","help=""splines""",1
"1316","wch","httpuv",1
"1317","wch","jsonlite",1
"1318","wch","memoise",1
"1319","wch","methods",1
"1320","wch","plyr",1
"1321","wch","promises",1
"1322","wch","purrr",1
"1323","wch","readr",1
"1324","wch","shiny",4
"1325","wch","shinythemes",1
"1326","wch","splines",1
"1327","wch","stats",1
"1328","wch","stats4",1
"1329","wch","survival",1
"1330","wch","tidyr",2
"1331","wch","tm",1
"1332","wch","tools",1
"1333","wch","utils",1
"1334","wch","wordcloud",1
"1335","woobe","animation",1
"1336","woobe","caret",2
"1337","woobe","data.table",1
"1338","woobe","directlabels",1
"1339","woobe","doParallel",1
"1340","woobe","dplyr",1
"1341","woobe","EBImage",1
"1342","woobe","ggmap",2
"1343","woobe","ggplot2",3
"1344","woobe","ggthemes",1
"1345","woobe","grid",2
"1346","woobe","gridExtra",1
"1347","woobe","h2o",2
"1348","woobe","h2oEnsemble",1
"1349","woobe","htmlwidgets",1
"1350","woobe","knitr",1
"1351","woobe","maps",1
"1352","woobe","markdown",1
"1353","woobe","png",1
"1354","woobe","randomForest",1
"1355","woobe","rblocks",1
"1356","woobe","rCharts",1
"1357","woobe","RColorBrewer",1
"1358","woobe","RJSONIO",1
"1359","woobe","rMaps",1
"1360","woobe","rPlotter",1
"1361","woobe","shiny",2
"1362","woobe","shinydashboard",1
"1363","woobe","stringr",1
"1364","woobe","xtable",1
"1365","wush978","BridgewellML",1
"1366","wush978","data.table",3
"1367","wush978","dplyr",4
"1368","wush978","FeatureHashing",1
"1369","wush978","httr",1
"1370","wush978","igraph",2
"1371","wush978","IPinYouExp",1
"1372","wush978","jsonlite",2
"1373","wush978","knitr",1
"1374","wush978","logging",1
"1375","wush978","lubridate",1
"1376","wush978","magrittr",3
"1377","wush978","markdown",1
"1378","wush978","Matrix",1
"1379","wush978","methods",1
"1380","wush978","microbenchmark",1
"1381","wush978","MISQPlus",1
"1382","wush978","nleqslv",1
"1383","wush978","numDeriv",1
"1384","wush978","optparse",1
"1385","wush978","parallel",1
"1386","wush978","plotrix",1
"1387","wush978","quantmod",1
"1388","wush978","R.utils",1
"1389","wush978","rbenchmark",1
"1390","wush978","recurrentR",1
"1391","wush978","RMessenger",1
"1392","wush978","RPPGen",1
"1393","wush978","RPPGen) # library(devtools);install_github('RPPGen', 'wush978'",1
"1394","wush978","RSelenium",1
"1395","wush978","shiny",2
"1396","wush978","shinyExt",1
"1397","wush978","stringi",1
"1398","wush978","stringr",1
"1399","wush978","tools",1
"1400","wush978","tools, quietly=TRUE",1
"1401","wush978","XML",1
"1402","Xiaodan","AppliedPredictiveModeling",1
"1403","Xiaodan","astsa",1
"1404","Xiaodan","binom",1
"1405","Xiaodan","boot",1
"1406","Xiaodan","bootstrap",1
"1407","Xiaodan","cacher",1
"1408","Xiaodan","caret",1
"1409","Xiaodan","colorspace",1
"1410","Xiaodan","datasets",3
"1411","Xiaodan","e1071",1
"1412","Xiaodan","elasticnet",1
"1413","Xiaodan","ElemStatLearn",1
"1414","Xiaodan","forecast",1
"1415","Xiaodan","gbm",1
"1416","Xiaodan","ggplot2",3
"1417","Xiaodan","googleVis",1
"1418","Xiaodan","gridExtra",1
"1419","Xiaodan","HistData",1
"1420","Xiaodan","Hmisc",1
"1421","Xiaodan","ISLR",1
"1422","Xiaodan","kernlab",2
"1423","Xiaodan","knitr",1
"1424","Xiaodan","lattice",2
"1425","Xiaodan","manipulate",1
"1426","Xiaodan","nlme",1
"1427","Xiaodan","pgmm",1
"1428","Xiaodan","plyr",1
"1429","Xiaodan","RANN",1
"1430","Xiaodan","RColorBrewer",1
"1431","Xiaodan","rdatamarket",1
"1432","Xiaodan","stats",2
"1433","Xiaodan","swirl",1
"1434","Xiaodan","UsingR",1
"1435","yihui","shiny",2
"1436","zonination","ggjoy",2
"1437","zonination","ggplot2",22
"1438","zonination","ggrepel",1
"1439","zonination","gridExtra",4
"1440","zonination","gsheet",1
"1441","zonination","lubridate",9
"1442","zonination","plyr",2
"1443","zonination","RColorBrewer",4
"1444","zonination","readr",2
"1445","zonination","reshape2",9
"1446","zonination","scales",10
"1447","zonination","stringr",1
"1448","zonination","tidyverse",6
"1449","zonination","viridis",4
